id,event_date,collected_date,company,jobs,headline,excerpt,source_name,source_url,causality,confidence,created_at
evt_20260702_001,2026-07-02,,Microsoft,5700,Microsoft expected to lay off thousands in annual July restructuring,"Microsoft is expected to announce a new round of layoffs affecting thousands of employees, equating to less than 2.5% of its workforce. These cuts align with Microsoft’s trend of restructuring each July, coinciding with the start of its fiscal year. This year's layoffs are expected to be less severe due to a voluntary retirement program.",Windows Central,https://www.windowscentral.com/microsoft/microsoft-expected-to-lay-off-thousands-in-what-has-become-an-annual-july-restructuring,contributing,0.8,2026-07-05T06:57:38.419148+00:00
evt_20260702_002,2026-07-02,2026-07-04,Meta,1395,"Meta to lay off 1,395 employees in Washington as AI restructuring continues","Meta filed a WARN notice for 1,395 layoffs in Washington, including 699 in Bellevue, 259 in Seattle, 206 in Redmond, and 231 remote workers, starting July 22, 2026. This follows 8,000 global job cuts, or 10% of the workforce, beginning May 20, 2026. The restructuring prioritizes AI and ecosystem growth, shifting focus from Reality Labs, which lost 1,500 jobs in January 2026.",KuCoin,https://www.kucoin.com/news/flash/meta-to-lay-off-1-395-employees-in-washington-as-ai-restructuring-continues,direct,0.9,2026-07-04T06:38:05.508760+00:00
evt_20260701_001,2026-07-01,,Microsoft,5700,Microsoft expected to lay off thousands in annual July restructuring,"Microsoft is expected to announce a new round of layoffs affecting thousands of employees, equating to less than 2.5% of its workforce. The layoffs will target positions in sales, consulting, and the Xbox division. These cuts align with Microsoft’s trend of restructuring each July, coinciding with the start of its fiscal year. The layoffs are tied to a 100-day restructuring effort under Xbox CEO Asha Sharma. Microsoft's job reductions reflect a broader tech industry trend of reallocating resources due to increased investment in AI infrastructures.",Windows Central,https://www.windowscentral.com/microsoft/microsoft-expected-to-lay-off-thousands-in-what-has-become-an-annual-july-restructuring,contributing,0.85,2026-07-04T06:38:05.508736+00:00
evt_20260702_001,2026-07-02,2026-07-03,Microsoft,5700,Microsoft expected to lay off thousands in annual July restructuring,"Microsoft is expected to announce a new round of layoffs affecting thousands of employees, equating to less than 2.5% of its workforce. These cuts align with Microsoft’s trend of restructuring each July, coinciding with the start of its fiscal year. Part of the layoffs is tied to a 100-day restructuring effort under Xbox CEO Asha Sharma. Microsoft's job reductions reflect a broader tech industry trend of reallocating resources due to increased investment in AI infrastructures.",Windows Central,https://www.windowscentral.com/microsoft/microsoft-expected-to-lay-off-thousands-in-what-has-become-an-annual-july-restructuring,contributing,0.8,2026-07-03T06:51:57.125685+00:00
evt_20260616_002,2026-06-16,2026-07-02,Robinhood,240,Robinhood trims 10% of workforce amid crypto revenue crunch and AI restructuring wave,Robinhood cut 10% of its workforce on June 16.,Yahoo Finance/Decrypt,https://finance.yahoo.com/markets/crypto/articles/bitgo-joins-cryptos-ai-layoff-wave-101533080.html,contributing,0.55,2026-07-02T06:58:07.577303+00:00
evt_20260625_002,2026-06-25,2026-07-02,BitGo,90,BitGo cuts 15% of workforce (~90 jobs) in pivot to AI-powered infrastructure and stablecoins,The newly public crypto custodian is slashing nearly 15% of its workforce as it pivots to focus on stablecoins and AI infrastructure.,Decrypt,https://decrypt.co/372164/bitgo-joins-cryptos-ai-layoff-wave-slashing-staff-by-15,direct,0.85,2026-07-02T06:58:07.577283+00:00
evt_20260625_001,2026-06-25,2026-07-01,Amperity,30,"Amperity conducts layoffs, cites AI transformation of the customer data company","Seattle-based customer data startup Amperity conducted layoffs this week, the company confirmed to GeekWire, citing a transformation related to its use of more artificial intelligence.",GeekWire,https://www.geekwire.com/2026/amperity-hit-with-layoffs-as-ai-changes-the-shape-of-the-customer-data-startup-and-how-it-operates/,direct,0.85,2026-07-01T08:00:28.388727+00:00
evt_20260629_001,2026-06-29,2026-07-01,British,9000,"British American Tobacco to cut 9,000 roles in AI transformation","June 29, 2026: British American Tobacco to Cut 9,000 Roles in AI Transformation.",Intellizence,https://intellizence.com/insights/layoff-downsizing/major-companies-that-announced-mass-layoffs/,direct,0.75,2026-07-01T08:00:28.388718+00:00
evt_20260630_001,2026-06-30,2026-07-01,Cisco,471,Cisco to eliminate 471 Bay Area jobs in AI-focused restructuring,"Cisco's California layoffs will eliminate 236 positions in San José, 154 in Milpitas, and 81 in San Francisco, tied to CEO Chuck Robbins' AI-focused restructuring push.",DataQuest India,https://www.dqindia.com/news/cisco-layoffs-2026-california-ai-restructuring-12115887,direct,0.9,2026-07-01T08:00:28.388699+00:00
evt_20260623_003,2026-06-23,2026-06-27,Standard,7800,"Standard Chartered automates 7,800 jobs amid AI adoption","StanChart AI Layoffs: 7,800 Jobs Face Automation.",AI Kill Count,https://aikillcount.com/,direct,0.8,2026-06-27T06:44:51.535328+00:00
evt_20260623_002,2026-06-23,2026-06-27,GM,600,GM cuts 600 IT roles as AI productivity gains outpace headcount needs,GM Cuts 600 IT Roles as AI Productivity Gains Outpace Headcount Needs.,AI Kill Count,https://aikillcount.com/,direct,0.8,2026-06-27T06:44:51.535316+00:00
evt_20260623_001,2026-06-23,2026-06-27,Oracle,21000,"Oracle lays off 21,000 employees over 12 months, cites AI adoption","In its 2026 fiscal year ending May 31, Oracle laid off 21,000 employees—about 13% of its workforce—primarily due to AI adoption and a strategic focus on building AI infrastructure.",Tom's Hardware,https://www.tomshardware.com/tech-industry/artificial-intelligence/oracle-lays-off-21-000-employees-in-just-12-months-due-to-ai-adoption-and-costly-ai-infrastructure-ambitions-says-layoffs-will-continue-as-internal-ai-deployment-grows,direct,0.9,2026-06-27T06:44:51.535290+00:00
evt_20260622_001,2026-06-22,2026-06-24,Oracle,21000,"Oracle reduces workforce by 21,000 employees over 12 months, cites AI adoption","Oracle disclosed Monday that it has reduced its workforce by 21,000 employees over the past 12 months, a decline of 13%, which means more cuts than was previously known, including because of AI. 'The adoption and deployment of AI technologies across our operations have resulted, and may continue to result, in reductions to our workforce,' the company said in an annual financial regulatory filing.",TechCrunch,https://techcrunch.com/2026/06/22/the-running-list-major-tech-layoffs-in-2026-where-employers-cited-ai/,direct,0.9,2026-06-24T07:29:14.584865+00:00
evt_20260616_001,2026-06-16,2026-06-21,Rivian,200,Rivian lays off hundreds of workers after R2 deliveries start,"Rivian is laying off hundreds of workers just one week after it began deliveries of its hotly-anticipated R2 SUV, the company has confirmed to TechCrunch.",TechCrunch,https://techcrunch.com/2026/06/16/rivian-cuts-hundreds-of-workers-after-r2-deliveries-start/,inferred,0.7,2026-06-21T08:18:30.627559+00:00
evt_20260611_001,2026-06-11,2026-06-13,ServiceNow,300,"ServiceNow lays off hundreds of employees, cites 'real AI efficiencies' inside its own business","ServiceNow is laying off hundreds of employees. A person familiar with the matter confirmed that a three-figure number of employees at the ITSM company are being let go. The company said its platform is generating 'real AI efficiencies' inside its own business and that it is 'actively investing in and hiring for the AI-focused skills this era demands, while managing headcount with discipline.'",Salesforce Ben,https://www.salesforceben.com/servicenow-lays-off-hundreds-of-staff-and-hails-real-ai-efficiencies-within-business/,direct,0.8,2026-06-13T07:37:45.740045+00:00
evt_20260609_001,2026-06-09,2026-06-12,Expeditors,230,"Expeditors International cuts 230 tech jobs, ending no-layoff tradition after crediting AI for productivity gains","Weeks after crediting AI for productivity gains, Expeditors International filed a WARN notice to cut 230 tech jobs and end its no-layoff policy. The freight forwarder is restructuring its U.S. global technology department, with all cuts expected to be finalized by Dec. 31. Positions impacted included software developers, quality assurance engineers, project managers and business analysts. CFO David Hackett attributed productivity improvements to artificial intelligence deployments.",Sourcing Journal (WWD),https://wwd.com/sourcing-journal/logistics/expeditors-international-layoffs-230-job-cuts-artificial-intelligence-ai-1239006574/,direct,0.85,2026-06-12T08:14:17.980829+00:00
evt_20260610_002,2026-06-10,2026-06-11,Google,50,Google trims Cloud and Threat Intelligence Group workforce as it prioritizes AI investments,"In its efforts to prioritize its investments in AI, Mountain View, California-based internet giant Google has been paring the workforce in its Google Cloud division lately, with its Threat Intelligence Group also getting trimmed. It's unclear exactly how many of the workers in these divisions were let go.",Crunchbase News,https://news.crunchbase.com/startups/tech-layoffs/,direct,0.7,2026-06-11T08:25:27.751164+00:00
evt_20260610_001,2026-06-10,2026-06-11,Salesforce,86,"Salesforce cuts 86 California employees in third AI-era layoff round, targeting Agentforce AI and Marketing Cloud teams","On June 10, 2026, Salesforce Inc CRM announced a new round of layoffs affecting 86 employees in California, marking the third such reduction since September of the previous year. This strategic move reflects the software giant's ongoing efforts to optimize its organizational structure in the age of artificial intelligence. The layoffs specifically target areas such as Agentforce AI products and Marketing Cloud software.",GuruFocus,https://www.gurufocus.com/news/8909903/salesforce-crm-announces-latest-round-of-layoffs-amid-ai-transition,direct,0.85,2026-06-11T08:25:27.751141+00:00
evt_20260201_001,2026-02-01,2026-06-10,Livspace,1000,"Livspace lays off ~1,000 employees in transition to AI-native organization","<cite index=""26-16"">In February, home décor and interior design company Livspace also laid off around 1,000 employees as part of an internal restructuring aimed at transitioning into an AI-native organisation.</cite>",Entrackr,https://entrackr.com/news/innovaccer-lays-off-340-employees-amid-shift-to-ai-native-operations-11838352,direct,0.75,2026-06-10T07:57:43.777706+00:00
evt_20260516_001,2026-05-16,2026-06-10,Innovaccer,340,Innovaccer lays off 340 employees in pivot to 'AI-Native' model,"<cite index=""26-1,26-2,26-3,26-4"">Innovaccer has carried out a fresh round of layoffs as part of its shift toward becoming an 'AI-native' organisation, according to an internal email from founder and CEO Abhinav Shashank. He said that AI systems had automated workflows that previously required large teams. The company later confirmed 340 employees globally were impacted.</cite>",Entrackr,https://entrackr.com/news/innovaccer-lays-off-340-employees-amid-shift-to-ai-native-operations-11838352,direct,0.9,2026-06-10T07:57:43.777683+00:00
evt_20260604_001,2026-06-04,2026-06-09,Meta,8000,"Meta cuts 8,000 jobs, cites AI infrastructure investments","Meta CEO Mark Zuckerberg told staff that the company's roughly 8,000 job cuts were a direct consequence of its AI infrastructure spending.",Tom's Hardware,https://www.tomshardware.com/tech-industry/artificial-intelligence/tech-sector-cut-us-jobs-by-38242-in-may,direct,0.9,2026-06-09T07:34:54.401675+00:00
evt_20260602_003,2026-06-02,2026-06-07,Quizlet,50,Quizlet announces layoffs amid EdTech/AI sector pressures,"Quizlet, the popular online study application used by millions of students worldwide, announced layoffs on June 2, 2026, as part of a broader workforce reduction initiative.",InterviewPal / TrueUp,https://www.interviewpal.com/layoffs/quizlet,contributing,0.55,2026-06-07T07:45:34.578744+00:00
evt_20260515_002,2026-05-15,2026-06-07,Gambling.com,150,Gambling.com Group cuts 25% of workforce (~150 employees) in AI-first restructuring,"GDC is using AI across all aspects of the business, including marketing, sales, and coding; 80% of new code is being generated by AI. GDC is 'resetting our team structures, roles, and processes to fit an AI-first world,' and the company expects annual savings of about $13 million.",Front Office Sports,https://frontofficesports.com/gambling-layoffs-pile-up-as-sports-betting-industry-recalibrates/,direct,0.92,2026-06-07T07:45:34.578723+00:00
evt_20260603_002,2026-06-03,2026-06-06,Uber,340,Uber cuts 23% of People & Places division (~340 jobs) amid AI productivity push,"Uber, a company that exhausted its entire 2026 AI coding budget in just four months, announced it was cutting 23% of the division responsible for its own human workforce.",TechTimes / Bloomberg / CNBC,https://www.techtimes.com/articles/317848/20260605/tech-layoffs-2026-hit-149935-uber-cuts-hr-days-after-ai-drained-its-coding-budget.htm,inferred,0.55,2026-06-06T06:45:02.213002+00:00
evt_20260602_002,2026-06-02,2026-06-06,Interview,48,Interview Kickstart lays off nearly 50 employees amid AI automation push,"The primary reason behind the restructuring was the increase in AI automation, the sources said, adding that the startup's enrollments are down 20-25% in 2026 from the previous year.",Inc42,https://inc42.com/buzz/blume-backed-interview-kickstart-lays-off-nearly-50-employees-amid-ai-automation-push/,direct,0.85,2026-06-06T06:45:02.212981+00:00
evt_20260601_006,2026-06-01,2026-06-05,Manhattan,260,Manhattan Associates cuts ~260 jobs (6% of workforce) citing operational efficiencies amid AI shift,"Manhattan Associates, Inc. has launched a cost-reduction plan that will cut its global workforce by approximately 6%... leveraging increased operational efficiencies and allowing it to focus investments on key strategic priorities.",StockTitan / SEC 8-K,https://www.stocktitan.net/sec-filings/MANH/8-k-manhattan-associates-inc-reports-material-event-05b6c9aa2551.html,inferred,0.55,2026-06-05T07:57:01.874636+00:00
evt_20260602_001,2026-06-02,2026-06-05,GitLab,350,GitLab cuts 14% of workforce (~350 employees) in AI pivot to 'agentic era',"Developer platform GitLab has laid off about 14% of its workforce, about 350 employees, as part of a broader restructuring effort... as it exited 22 countries, flattened management layers, and invested in infrastructure to scale its platform and serve increased traffic from AI workflows.",TechCrunch,https://techcrunch.com/2026/06/03/gitlab-cuts-14-of-staff-as-it-scales-its-platform-to-serve-ai-workloads/,direct,0.92,2026-06-05T07:57:01.874600+00:00
evt_20260603_001,2026-06-03,2026-06-04,Skai,100,"Skai (formerly Kenshoo) lays off 20% of staff (~100 employees), cites AI-driven transformation","Digital marketing company Skai, formerly known as Kenshoo, has laid off about 20% of its workforce in Israel and around the world, roughly 100 employees. The company also attributes the current layoffs to the impact of artificial intelligence on its operations.",Calcalist (Ctech),https://www.calcalistech.com/ctechnews/article/jmjuqzfe6,direct,0.9,2026-06-04T08:10:22.305343+00:00
evt_20260513_003,2026-05-13,2026-06-03,Walmart,1000,"Walmart cuts or relocates 1,000 corporate workers as it consolidates global tech and AI product teams","Walmart is set to cut or relocate about 1,000 corporate employees as the retail giant reorganizes its global technology and AI product teams. The reorganization was led by Suresh Kumar, Walmart's head of global technology, who reviewed internal structures and identified overlapping roles created in part by the integration of AI-focused product units.",HR Executive,https://hrexecutive.com/walmart-cuts-1000-corporate-roles-as-ai-reorganization-reshapes-tech-teams/,contributing,0.75,2026-06-03T08:45:11.083551+00:00
evt_20260601_005,2026-06-01,2026-06-02,Lightricks,40,Lightricks lays off dozens as AI reshapes video creation industry,"<cite index=""29-10"">Israeli AI video company Lightricks laid off dozens.</cite>",Ynet News,https://www.ynetnews.com/business/article/ryt113f9xfx,contributing,0.65,2026-06-02T08:18:05.264488+00:00
evt_20260601_004,2026-06-01,2026-06-02,SentinelOne,250,SentinelOne cuts 10% of workforce amid AI-era cybersecurity disruption,"<cite index=""29-17"">Cybersecurity giant SentinelOne carried out a broad 10% workforce cut, affecting about 70 employees in Israel.</cite>",Ynet News,https://www.ynetnews.com/business/article/ryt113f9xfx,contributing,0.7,2026-06-02T08:18:05.264480+00:00
evt_20260601_003,2026-06-01,2026-06-02,Amdocs,3000,Amdocs reports layoffs affecting 10% of workforce amid AI shift,"<cite index=""29-16"">Amdocs, one of the pillars of Israeli high-tech, reported layoffs affecting 10% of its workforce, including hundreds in Israel.</cite>",Ynet News,https://www.ynetnews.com/business/article/ryt113f9xfx,contributing,0.7,2026-06-02T08:18:05.264471+00:00
evt_20260601_002,2026-06-01,2026-06-02,AI21,120,"AI21 shuts down AI model development operation, lays off 60% of staff","<cite index=""29-15"">Israeli AI company AI21 shut down its AI model development operation and laid off 60% of its staff.</cite>",Ynet News,https://www.ynetnews.com/business/article/ryt113f9xfx,direct,0.8,2026-06-02T08:18:05.264461+00:00
evt_20260601_001,2026-06-01,2026-06-02,Taboola,100,Taboola lays off about 100 employees amid AI-driven Israeli tech shakeup,"<cite index=""29-12"">Israeli online advertising company Taboola laid off about 100 employees.</cite>",Ynet News,https://www.ynetnews.com/business/article/ryt113f9xfx,contributing,0.7,2026-06-02T08:18:05.264450+00:00
evt_20260528_005,2026-05-28,2026-06-02,Minute,60,"Minute Media lays off 12% of workforce (~60 employees), cites rise of AI in media market","<cite index=""28-14,28-15"">About 12% of the company's global workforce was laid off, including employees in Israel. The move comes alongside continued growth at the company, as it adapts its operations to changes in the media market and the rise of artificial intelligence.</cite>",CTech (Calcalist),https://www.calcalistech.com/ctechnews/article/kk215pdq7,direct,0.85,2026-06-02T08:18:05.264426+00:00
evt_20260530_001,2026-05-30,2026-06-01,Block,4000,"Block (Square) lays off 4,000 employees, nearly half of workforce","Block (Square) has announced the termination of 4,000 employees, nearly half of its workforce, as part of its strategic shift towards AI-driven operations.",Terminated.ai,https://www.aiterminated.com/,direct,0.9,2026-06-01T09:08:21.424127+00:00
evt_20260528_004,2026-05-28,2026-05-31,Wix,1000,"Wix lays off 1,000 employees (20% of workforce), CEO cites AI evolution","Israel-based web development company Wix is slashing roughly 20% of its workforce, CEO Avishai Abrahami announced in a post on X early Thursday morning, citing the 'fast evolution of AI capabilities' and difficulties around currency exchange rates.",CNBC,https://www.cnbc.com/2026/05/28/wix-layoffs-ai-exchange-rates.html,direct,0.92,2026-05-31T07:36:50.252757+00:00
evt_20260528_003,2026-05-28,2026-05-29,Acrisure,2250,"Acrisure cuts 2,250 jobs due to AI transformation","Acrisure announced the elimination of 2,250 positions, citing its transition towards AI-driven processes.",LayoffHedge,https://layoffhedge.com/trends/may-2026-layoffs,direct,0.9,2026-05-29T07:42:57.915308+00:00
evt_20260528_002,2026-05-28,2026-05-29,PayPal,4760,"PayPal to lay off 4,760 employees amid AI-driven restructuring","PayPal announced a reduction of 4,760 positions, attributing the layoffs to its ongoing AI-driven restructuring efforts.",LayoffHedge,https://layoffhedge.com/trends/may-2026-layoffs,direct,0.9,2026-05-29T07:42:57.915295+00:00
evt_20260528_001,2026-05-28,2026-05-29,Standard,7800,"Standard Chartered plans to cut 7,800 jobs in AI push","Standard Chartered announced plans to reduce its workforce by 7,800 employees, citing a strategic shift towards AI-driven operations.",LayoffHedge,https://layoffhedge.com/trends/may-2026-layoffs,direct,0.9,2026-05-29T07:42:57.915272+00:00
evt_20260514_007,2026-05-14,2026-05-27,Freshworks,500,Freshworks announces 500 job cuts due to increased use of AI and automation,"Freshworks has announced a reduction of 11% of its workforce, equating to approximately 500 jobs, citing increased use of AI and automation in handling routine tasks.",TechRadar,https://www.techradar.com/pro/freshworks-and-coinbase-announce-more-than-1-in-10-jobs-to-go-as-companies-replace-workforce-with-ai-technologies-tech-company-layoffs-near-100k-in-2026-alone,direct,0.85,2026-05-27T07:53:45.187674+00:00
evt_20260514_006,2026-05-14,2026-05-27,Coinbase,700,Coinbase to cut 700 jobs as it transitions into an 'AI-native' company,"Similarly, Coinbase plans to cut 14% of its workforce, or 700 jobs, as it transitions into an 'AI-native' company.",TechRadar,https://www.techradar.com/pro/freshworks-and-coinbase-announce-more-than-1-in-10-jobs-to-go-as-companies-replace-workforce-with-ai-technologies-tech-company-layoffs-near-100k-in-2026-alone,direct,0.85,2026-05-27T07:53:45.187665+00:00
evt_20260513_001,2026-05-13,,Cisco,4000,"Cisco announces 4,000 job cuts amid AI-focused restructuring","Cisco also announced thousands of job cuts, with CEO Chuck Robbins saying in a blog post that it was reducing headcount in part to invest in 'employees' use of AI across the company.'",CBS News,https://www.cbsnews.com/news/ai-layoffs-hiring-entry-level-workers/,direct,0.9,2026-05-27T07:53:45.187656+00:00
evt_20260520_002,2026-05-20,,Meta,8000,"Meta begins 8,000 job cuts in AI efficiency push","Meta began laying off 8,000 workers on Wednesday as it shifts investment toward AI.",CBS News,https://www.cbsnews.com/news/ai-layoffs-hiring-entry-level-workers/,direct,0.9,2026-05-27T07:53:45.187645+00:00
evt_20260520_001,2026-05-20,,Intuit,3000,"Intuit to lay off over 3,000 employees to refocus on AI","Enterprise software maker Intuit this week cut 17% of its staff, or 3,000 people, saying it would shift its focus to AI.",CBS News,https://www.cbsnews.com/news/ai-layoffs-hiring-entry-level-workers/,direct,0.9,2026-05-27T07:53:45.187623+00:00
evt_20260520_003,2026-05-20,,Standard,7000,"Standard Chartered plans to cut 7,000 jobs in AI push","Standard Chartered has announced a significant workforce reduction as part of its strategic shift toward automation and artificial intelligence (AI). The British multinational bank plans to eliminate 7,000 jobs, or around 15% of its corporate roles, by 2030.",Tom's Hardware,https://www.tomshardware.com/tech-industry/standard-chartered-plans-to-cut-7-000-jobs-in-ai-push-lender-wants-to-replace-lower-value-human-capital-and-focus-on-automation,direct,0.9,2026-05-26T07:02:50.991039+00:00
evt_20260520_001,2026-05-20,,Meta,8000,"Meta begins 8,000 job cuts in AI efficiency push","Meta Platforms Inc. is alerting thousands of employees that they’re being laid off, part of a previously announced restructuring aimed at reducing costs while the company invests heavily in artificial intelligence.",Los Angeles Times,https://www.latimes.com/business/story/2026-05-20/meta-begins-8-000-global-job-cuts-in-ai-efficiency-push,direct,0.9,2026-05-26T07:02:50.991015+00:00
evt_20260520_002,2026-05-20,,Meta,8000,"Meta lays off 8,000 employees, shifts focus to AI initiatives","Meta CEO Mark Zuckerberg announced the layoff of 8,000 employees, approximately 10% of the workforce, as the company shifts its focus toward artificial intelligence.",TechRadar,https://www.techradar.com/pro/zuckerberg-promises-he-does-not-expect-other-company-wide-layoffs-this-year-after-slashing-thousands-of-meta-jobs,direct,0.9,2026-05-25T08:08:59.768463+00:00
evt_20260521_001,2026-05-21,2026-05-25,Cloudflare,1100,Cloudflare CEO announces 20% workforce reduction due to AI efficiencies,"Cloudflare CEO Matthew Prince stated that the company slashed 20% of its workforce, with middle management facing the brunt of the cuts, attributing the layoffs to AI making an entire category of workers obsolete.",Fortune,https://fortune.com/2026/05/21/cloudflare-ceo-matthew-prince-layoffs-ai-automation-measurers/,direct,0.9,2026-05-25T08:08:59.768439+00:00
evt_20260520_006,2026-05-20,2026-05-24,Meta,8000,"Meta lays off 8,000 employees, shifts focus to AI","Meta carried out another significant round of layoffs, cutting 8,000 employees in three waves as part of a planned 10% workforce reduction. This decision, communicated through early-morning emails, added to a growing trend of job cuts at the company dating back to 2022, contributing to low morale among workers. The moves are part of a major shift in focus towards AI development, with an additional 7,000 roles expected to be restructured for AI initiatives.",Android Central,https://www.androidcentral.com/apps-software/meta/meta-chops-8-000-in-may-layoff-spree-and-its-only-getting-worse,direct,0.9,2026-05-24T06:52:27.220477+00:00
evt_20260520_005,2026-05-20,2026-05-22,Intuit,3000,Intuit to cut 17% of its workforce to invest heavily in AI,"Intuit is reportedly planning to cut around 17% of its workforce, or nearly 3,000 employees, as part of a broader restructuring aimed at accelerating its artificial intelligence goals.",NDTV,https://www.ndtv.com/us-markets/after-meta-intuit-to-cut-17-of-its-workforce-to-invest-heavily-in-ai-11524484,direct,0.85,2026-05-22T07:33:07.715824+00:00
evt_20260520_004,2026-05-20,2026-05-22,Standard,7000,"Standard Chartered plans to cut 7,000 jobs in AI push","Standard Chartered has announced a significant workforce reduction as part of its strategic shift toward automation and artificial intelligence (AI). The British multinational bank plans to eliminate 7,000 jobs, or around 15% of its corporate roles, by 2030.",Tom's Hardware,https://www.tomshardware.com/tech-industry/standard-chartered-plans-to-cut-7-000-jobs-in-ai-push-lender-wants-to-replace-lower-value-human-capital-and-focus-on-automation,direct,0.85,2026-05-22T07:33:07.715805+00:00
evt_20260520_003,2026-05-20,2026-05-21,Meta,8000,"Meta begins 8,000 job cuts in AI efficiency push","Meta Platforms Inc. is alerting thousands of employees that they’re being laid off, part of a previously announced restructuring aimed at reducing costs while the company invests heavily in artificial intelligence.",Los Angeles Times,https://www.latimes.com/business/story/2026-05-20/meta-begins-8-000-global-job-cuts-in-ai-efficiency-push,direct,0.9,2026-05-21T07:38:52.448613+00:00
evt_20260520_002,2026-05-20,2026-05-21,Intuit,3000,"Intuit to lay off over 3,000 employees to refocus on AI","Enterprise software giant Intuit is letting 17% of its staff go, or about 3,000 people, as it seeks to divert resources toward baking AI into its products, Reuters reported, citing an internal memo sent to employees.",TechCrunch,https://techcrunch.com/2026/05/20/intuit-to-lay-off-over-3000-employees-to-refocus-on-ai/,direct,0.9,2026-05-21T07:38:52.448592+00:00
evt_20260520_001,2026-05-20,2026-05-20,Meta,8000,"Meta lays off 8,000 employees, shifts focus to AI initiatives","Meta is laying off 10% of staff and moving thousands to AI units as part of a sweeping restructuring, sparking employee protests over privacy and job cuts.",Republic World,https://www.republicworld.com/tech/metas-brutal-ai-reset-layoffs-transfers-and-managerial-cuts-set-to-hit-workers-on-may-20-2026-05-19-124856,direct,0.9,2026-05-20T07:32:46.660000+00:00
evt_20260518_001,2026-05-18,2026-05-19,Meta,8000,"Meta to lay off 8,000 employees, shift 7,000 to AI roles","Meta detailed its layoff plans for this week in a memo shared with employees on Monday, saying cuts to its workforce globally would be accompanied by a fresh round of organisational changes aimed at improving the company's AI workflows.",NDTV,https://www.ndtv.com/world-news/meta-layoffs-7-000-staff-to-shift-to-ai-roles-as-meta-cuts-jobs-revamps-structure-report-11514861?pfrom=home-ndtv_topstories,direct,0.9,2026-05-19T07:33:27.923955+00:00
evt_20260514_005,2026-05-14,2026-05-18,Kraken,150,"Kraken cuts 150 staff amid AI efficiencies, potentially delaying IPO","The company, whose corporate name is Payward, laid off about 150 workers due to efficiencies from deploying artificial intelligence across the business.",Cointelegraph,https://cointelegraph.com/news/kraken-parent-payward-cuts-150-staff-potentially-delaying-ipo-report,direct,0.9,2026-05-18T07:50:12.261249+00:00
evt_20260514_004,2026-05-14,2026-05-18,Cisco,4000,"Cisco announces record revenue and 4,000 layoffs in the same day",Cisco CEO Chuck Robbins announced that the company’s latest round of layoffs begins today... attributed to the growth of AI.,Ars Technica,https://arstechnica.com/information-technology/2026/05/cisco-announces-record-revenue-and-4000-layoffs-in-the-same-day/,direct,0.85,2026-05-18T07:50:12.261235+00:00
evt_20260515_001,2026-05-15,2026-05-18,Dune,25,"Dune Analytics slashes 25% of workforce in AI, institutional pivot",Dune CEO Fredrik Haga announced Thursday that the company has cut 25% of its staff as part of a strategic refocus on AI tooling and institutional crypto adoption.,Decrypt,https://decrypt.co/367949/dune-analytics-slashes-25-of-workforce-in-ai-institutional-pivot,direct,0.9,2026-05-18T07:50:12.261212+00:00
evt_20260514_003,2026-05-14,2026-05-17,Dune,25,Dune cuts 25% of staff citing AI efficiencies,"Dune CEO Fredrik Haga announced the firm let 25% of the team go this week, in part citing its heavy investment in AI-powered tools.",The Block,https://www.theblock.co/post/401322/crypto-data-firm-dune-cuts-25-of-staff-citing-ai-efficiencies,direct,0.9,2026-05-17T06:37:48.725005+00:00
evt_20260508_001,2026-05-08,2026-05-16,Cloudflare,1100,"Cloudflare cuts 1,100 jobs citing increased AI usage","Cloudflare announced it was cutting its workforce by approximately 20%, which equates to 1,100 people, attributing the layoffs to a 600% increase in AI usage over the past three months.",TechCrunch,https://techcrunch.com/2026/05/08/cloudflare-says-ai-made-1100-jobs-obsolete-even-as-revenue-hit-a-record-high/,direct,0.9,2026-05-16T06:13:47.847615+00:00
evt_20260514_002,2026-05-14,2026-05-16,Cisco,4000,"Cisco announces 4,000 job cuts amid AI-focused restructuring","Cisco has announced it will lay off approximately 4,000 employees, equivalent to 5% of its global workforce, as part of a strategic restructuring to prioritize high-growth areas including AI infrastructure.",TechRadar,https://www.techradar.com/pro/we-are-making-clear-strategic-investments-cisco-cuts-4-000-jobs-even-as-ai-orders-surge,direct,0.9,2026-05-16T06:13:47.847595+00:00
evt_20260513_001,2026-05-13,2026-05-14,GM,600,GM lays off hundreds of IT workers to hire those with stronger AI skills,"General Motors has laid off more than 10% of its IT department, or about 600 salaried employees — in a deliberate skills swap: clearing out workers whose expertise no longer fits and making room for some with AI-focused backgrounds.",TechCrunch,https://techcrunch.com/2026/05/11/gm-just-laid-off-hundreds-of-it-workers-to-hire-those-with-stronger-ai-skills/,direct,0.85,2026-05-14T06:39:15.960352+00:00
evt_20260514_001,2026-05-14,2026-05-14,Cisco,4000,"Cisco to cut nearly 4,000 jobs in AI-focused restructuring as orders surge","Cisco said on Wednesday it would cut nearly 4,000 jobs, as part of a restructuring aimed at shifting investment toward artificial intelligence and related growth areas, and raised its annual revenue forecast after a surge in hyperscaler orders.",Business Standard,https://www.business-standard.com/world-news/cisco-to-cut-nearly-4-000-jobs-in-ai-focused-restructuring-as-orders-surge-126051400091_1.html,direct,0.9,2026-05-14T06:39:15.960330+00:00
evt_20260507_007,2026-05-07,2026-05-13,Cloudflare,1100,"Cloudflare cuts 1,100 jobs amid AI-driven restructuring","Cloudflare is laying off 20% of its staff, the latest technology company to announce big cuts as it uses more artificial intelligence-powered tools.",Los Angeles Times,https://www.latimes.com/business/story/2026-05-07/california-tech-company-cloudflare-to-lay-off-more-than-1-000-workers-cites-ai,direct,0.9,2026-05-13T06:40:42.237285+00:00
evt_20260511_001,2026-05-11,,GM,600,GM lays off 600 IT workers to hire AI-skilled employees,"General Motors has laid off more than 10% of its IT department, or about 600 salaried employees — in a deliberate skills swap: clearing out workers whose expertise no longer fits and making room for some with AI-focused backgrounds.",TechCrunch,https://techcrunch.com/2026/05/11/gm-just-laid-off-hundreds-of-it-workers-to-hire-those-with-stronger-ai-skills/,direct,0.9,2026-05-13T06:40:42.237263+00:00
evt_20260511_002,2026-05-11,2026-05-12,Cloudflare,1100,"Cloudflare cuts 1,100 jobs as internal AI usage climbs 600%","Cloudflare is eliminating approximately 1,100 positions as the web infrastructure and security company restructures operations around what it terms 'agentic AI' capabilities, according to an internal announcement.",AI Business Review,https://www.aibusinessreview.org/2026/05/08/cloudflare-cuts-1100-jobs-ai-usage-surge/,direct,0.85,2026-05-12T06:30:24.623908+00:00
evt_20260511_001,2026-05-11,2026-05-12,GM,600,GM lays off 600 IT workers to hire AI-skilled employees,"General Motors has laid off more than 10% of its IT department, or about 600 salaried employees, in a deliberate skills swap: clearing out workers whose expertise no longer fits and making room for some with AI-focused backgrounds.",TechCrunch,https://techcrunch.com/2026/05/11/gm-just-laid-off-hundreds-of-it-workers-to-hire-those-with-stronger-ai-skills/,direct,0.9,2026-05-12T06:30:24.623887+00:00
evt_20260507_006,2026-05-07,2026-05-10,Upwork,150,Upwork cuts 24% of staff in restructuring citing evolving nature of work,"Upwork to Cut 24% of Staff in Restructuring, Citing Evolving 'Nature of Work'",TrueUp,https://www.trueup.io/layoffs,inferred,0.75,2026-05-10T06:27:26.199210+00:00
evt_20260507_005,2026-05-07,2026-05-10,Ticketmaster,350,Ticketmaster cuts 350 workers citing AI as new utility,LAYOFF ALERT: TICKETMASTER 🚨 8% of workforce. The reason from Global President Saumil Mehta: 'AI as a new utility.',BeInCrypto,https://beincrypto.com/ai-restructuring-job-layoffs-2026/,direct,0.85,2026-05-10T06:27:26.199203+00:00
evt_20260505_002,2026-05-05,,Coinbase,700,Coinbase cuts 700 jobs in AI-native restructuring,"The cryptocurrency exchange announced on May 5 that it would cut 700 jobs, or roughly 14% of its workforce, as it shifts toward a more AI-centric workflow that involves deploying agents and consolidating jobs.",CBS News,https://www.cbsnews.com/news/ai-layoffs-2026-artificial-intelligence-amazon-pinterest/,direct,0.92,2026-05-10T06:27:26.199196+00:00
evt_20260506_001,2026-05-06,,Arctic,250,Arctic Wolf lays off 250 workers to invest in AI platform,Arctic Wolf has laid off 250 workers in a restructuring that it says is designed to position the company to invest more in AI through its superintelligence platform and agentic Security Operations Center (SOC),The Register,https://www.theregister.com/ai-and-ml/2026/05/06/arctic-wolf-cuts-250-jobs-in-ai-push/5231213,direct,0.88,2026-05-10T06:27:26.199189+00:00
evt_20260507_004,2026-05-07,2026-05-10,BILL,700,BILL Holdings cuts 30% of workforce amid AI-native transformation,"BILL Holdings is cutting up to 30% of its workforce, an estimated 700 jobs, on the same day it authorized a $1.0 billion stock buyback.",LayoffHedge,https://layoffhedge.com/company/bill-holdings,direct,0.85,2026-05-10T06:27:26.199180+00:00
evt_20260505_005,2026-05-05,2026-05-10,PayPal,4760,"PayPal announces 4,760 job cuts over 2-3 years in AI transformation","PayPal will cut approximately 4,760 employees (20% of workforce) phased over 2-3 years, new CEO Enrique Lores announced May 5, 2026. Targets $1.5B run-rate savings as company shifts to AI-native operating model.",LayoffHedge,https://layoffhedge.com/company/paypal,direct,0.9,2026-05-10T06:27:26.199163+00:00
evt_20260506_002,2026-05-06,2026-05-09,Ticketmaster,350,Ticketmaster lays off 350 workers prioritizing AI initiatives,AI as a new utility,Pollstar News,https://news.pollstar.com/2026/05/06/ticketmaster-cuts-8-of-staff-350-employees-primarily-in-engineering-product-design/,direct,0.85,2026-05-09T06:06:45.468090+00:00
evt_20260507_003,2026-05-07,2026-05-09,Cloudflare,1100,"Cloudflare cuts 1,100 jobs citing 600% surge in AI usage",Cloudflare's usage of AI has increased by more than 600% in the last three months alone,Cloudflare Official Blog,https://blog.cloudflare.com/building-for-the-future/,direct,0.95,2026-05-09T06:06:45.468069+00:00
evt_20260506_001,2026-05-06,2026-05-08,Arctic,250,Arctic Wolf lays off 250 workers to invest in AI platform,"<cite index=""1-2"">""position Arctic Wolf to operate more efficiently, continue investing in our Superintelligence platform""</cite>",The Register,https://www.theregister.com/ai-and-ml/2026/05/06/arctic-wolf-cuts-250-jobs-in-ai-push/5231213,direct,0.85,2026-05-08T05:49:14.777528+00:00
evt_20260507_002,2026-05-07,2026-05-08,DeepL,250,DeepL cuts 250 jobs citing massive AI structural shift,"<cite index=""35-4"">""massive structural shift"" from artificial intelligence</cite>",Bloomberg,https://www.bloomberg.com/news/articles/2026-05-07/google-translate-rival-deepl-announces-plans-to-cut-25-of-staff,direct,0.92,2026-05-08T05:49:14.777519+00:00
evt_20260505_004,2026-05-05,2026-05-08,Coinbase,700,Coinbase cuts 700 jobs in AI-native restructuring,"<cite index=""27-7"">""rebuilding Coinbase as an intelligence, with humans around the edge aligning it""</cite>",CNBC,https://www.cnbc.com/2026/05/05/coinbase-cuts-headcount-by-14percent-citing-ai-acceleration.html,direct,0.9,2026-05-08T05:49:14.777508+00:00
evt_20260507_001,2026-05-07,2026-05-08,Freshworks,500,Freshworks lays off 500 employees citing AI writing half their code,"<cite index=""11-1"">""Over half of our code is written by AI."" — Freshworks CEO Dennis Woodside</cite>",People Matters,https://www.peoplematters.in/news/strategic-hr/software-firm-freshworks-announces-layoffs-tied-to-ai-transformation-cuts-500-jobs-49578,direct,0.95,2026-05-08T05:49:14.777486+00:00
evt_20260505_002,2026-05-05,2026-05-07,Coinbase,700,Coinbase cuts 700 jobs (14% of workforce) in AI-driven restructuring,Armstrong described the decision as necessary to position the firm for its 'next phase of growth',CNBC,https://www.cnbc.com/2026/05/05/coinbase-cuts-headcount-by-14percent-citing-ai-acceleration-the-shares-are-gaining.html,direct,0.85,2026-05-07T06:27:49.372184+00:00
evt_20260505_003,2026-05-05,,Freshworks,500,Freshworks lays off 500 workers (11% of workforce) citing AI code automation,CEO Dennis Woodside said that more than half of their code is written by AI,The Workers Rights,https://www.theworkersrights.com/freshworks-layoffs-2026-ai-code-jobs/,direct,0.9,2026-05-07T06:27:49.372122+00:00
evt_20260505_001,2026-05-05,2026-05-06,Coinbase,700,"Coinbase lays off 700 employees, cites AI-driven workflow transformation","Armstrong said the layoffs are partly due to a crypto downturn. Yet the main motivator is making the company's leadership structure flatter, enabling its employees to work fast, with AI at the forefront.",Human Resources Director,https://www.hcamag.com/us/specialization/transformation/coinbase-slashes-14-of-workforce-as-ai-layoff-wave-shows-no-signs-of-slowing/574133,direct,0.95,2026-05-06T06:22:35.616085+00:00
evt_20260430_001,2026-04-30,2026-05-04,Meta,8000,"Meta to lay off 8,000 employees, citing AI infrastructure costs","Meta chief Mark Zuckerberg acknowledged his company’s spending on artificial intelligence has contributed to layoffs at Meta, according to a recording of an internal Thursday meeting reported by The Wall Street Journal.",Forbes,https://www.forbes.com/sites/antoniopequenoiv/2026/04/30/mark-zuckerberg-says-ai-costs-contributed-to-layoffs-of-8000-staffers-report-says/,direct,0.9,2026-05-04T06:31:38.043020+00:00
evt_20260501_001,2026-05-01,2026-05-03,Meta,8000,"Meta to lay off 8,000 employees, freeze 6,000 open roles amid AI investment surge","Meta plans to lay off about 10% of its workforce on May 20, with CEO Mark Zuckerberg attributing the layoffs to increased capital spending for AI.",Moneycontrol,https://www.moneycontrol.com/technology/meta-ceo-zuckerberg-blames-layoffs-on-capital-spending-won-t-rule-out-more-job-cuts-article-13905065.html,direct,0.9,2026-05-03T06:18:37.711657+00:00
evt_20260427_001,2026-04-27,2026-04-30,Oracle,20000,"Oracle to cut over 20,000 jobs amid AI pivot","Oracle announced global layoffs affecting 20,000 to 30,000 employees across multiple regions, as the company invests heavily in artificial intelligence and automates workflows.",NDTV,https://www.ndtv.com/business-news/meta-disney-asml-microsoft-oracle-to-cut-over-20-000-tech-jobs-ai-pivot-is-increasing-profits-fuelling-layoffs-11414470?pfrom=home-ndtv_topscroll,direct,0.85,2026-04-30T01:15:49.004519+00:00
evt_20260423_002,2026-04-23,2026-04-30,Microsoft,8750,Microsoft offers buyouts to 7% of U.S. staff amid AI restructuring,"Microsoft announced it is offering buyouts to about 7% of its U.S. staff, or approximately 8,750 jobs, as part of broader restructuring efforts focused on artificial intelligence.",World Socialist Web Site,https://www.wsws.org/en/articles/2026/04/28/nura-a28.html,contributing,0.8,2026-04-30T01:15:49.004509+00:00
evt_20260423_001,2026-04-23,2026-04-30,Meta,8000,"Meta to lay off 8,000 employees as part of AI efficiency push","Meta announced plans to lay off approximately 8,000 employees, representing about 10% of its workforce, in a move aimed at boosting efficiency amid rising artificial intelligence (AI) infrastructure costs.",Axios,https://www.axios.com/2026/04/23/meta-layoffs-ai-efficiency-push,direct,0.9,2026-04-30T01:15:49.004486+00:00
evt_20230115_salesfor_236,2023-01-15,2026-04-27,Salesforce,8000,"Salesforce cuts 8,000 jobs",~10% of workforce cut; Benioff admitted pandemic over-hiring and cited economic downturn. Company soon pivoted to AI-first messaging with Einstein GPT.,Computerworld,https://www.computerworld.com/article/1617283/tech-layoffs-in-2023-a-timeline.html,inferred,0.55,2026-04-27T17:59:55.149882
evt_20230104_amazon_235,2023-01-04,2026-04-27,Amazon,18000,"Amazon cuts 18,000 jobs","18,000 roles cut — largest layoff in Amazon history at the time. Majority from retail, HR, and devices/services teams; accelerated AI infrastructure pivot.",Computerworld,https://www.computerworld.com/article/1617283/tech-layoffs-in-2023-a-timeline.html,inferred,0.5,2026-04-27T17:59:55.149844
evt_20230118_microsof_234,2023-01-18,2026-04-27,Microsoft,10000,"Microsoft cuts 10,000 jobs",Less than 5% of workforce; CEO Nadella cited AI as key strategic priority while realigning cost structure. Came weeks before $10B OpenAI investment closed.,SEC Filing / CNBC,https://www.sec.gov/Archives/edgar/data/0000789019/000119312523009934/d447690dex991.htm,contributing,0.65,2026-04-27T17:59:55.149809
evt_20230120_googleal_233,2023-01-20,2026-04-27,Google,12000,"Google / Alphabet cuts 12,000 jobs",6% of global workforce cut — largest in Google history. CEO Sundar Pichai cited need to sharpen focus and direct capital to 'highest priorities' including AI.,TechCrunch,https://techcrunch.com/2023/01/20/google-parent-alphabet-cuts-6-of-its-workforce-impacting-12000-people/,contributing,0.7,2026-04-27T17:59:55.149775
evt_20230126_sap_232,2023-01-26,2026-04-27,SAP,3000,"SAP cuts 3,000 jobs","3,000 jobs cut (~2.5% of 112K workforce) alongside plans to divest Qualtrics; CEO framed it as realignment for AI era.",Diginomica,https://diginomica.com/sap-announces-3000-layoffs-following-one-most-important-years.html,contributing,0.7,2026-04-27T17:59:55.149739
evt_20230126_ibm_231,2023-01-26,2026-04-27,IBM,3900,"IBM cuts 3,900 jobs","3,900 cuts tied to reorganization of Kyndryl spinoff and healthcare analytics divestiture; part of IBM's AI-first pivot.",CNN Business,https://www.cnn.com/2023/01/26/tech/ibm-layoffs-intl-hnk/index.html,inferred,0.55,2026-04-27T17:59:55.149704
evt_20230915_airtable_230,2023-09-15,2026-04-27,Airtable,237,Airtable cuts 237 jobs,Second layoff round in 9 months; 27% of workforce cut as company refocused on enterprise clients and AI-enhanced platform.,Computerworld,https://www.computerworld.com/article/3706911/airtable-enacts-new-round-of-layoffs.html,inferred,0.6,2026-04-27T17:59:55.149670
evt_20231013_qualcomm_229,2023-10-13,2026-04-27,Qualcomm,1258,"Qualcomm cuts 1,258 jobs","1,258 roles cut from San Diego and Santa Clara offices; revenue down 23% YoY and net income down 52% for the quarter.",Computerworld,https://www.computerworld.com/article/3708749/qualcomm-to-lay-off-1258-employees.html,inferred,0.4,2026-04-27T17:59:55.149635
evt_20231016_stackove_228,2023-10-16,2026-04-27,Stack,0,Stack Overflow reduces workforce,"28% of staff cut explicitly because generative AI (Copilot, CodeWhisperer, Bard) is replacing Q&A workflows that Stack Overflow monetized.",InfoWorld,https://www.infoworld.com/article/3708738/generative-ai-forces-stack-overflow-to-lay-off-28-percent.html,contributing,0.95,2026-04-27T17:59:55.149601
evt_20231019_nokia_227,2023-10-19,2026-04-27,Nokia,14000,"Nokia cuts 14,000 jobs","Up to 14,000 jobs cut after Q3 net sales fell 20% YoY; Nokia saving up to $1.2B by 2026 as 5G spending slows.",Computerworld,https://www.computerworld.com/article/1617283/tech-layoffs-in-2023-a-timeline.html,inferred,0.4,2026-04-27T17:59:55.149565
evt_20231101_splunk_226,2023-11-01,2026-04-27,Splunk,560,Splunk cuts 560 jobs,7% of workforce cut ahead of $28B Cisco acquisition; CEO cited unpredictable macro environment.,Network World,https://www.networkworld.com/article/3709848/splunk-cuts-7-of-workforce.html,inferred,0.45,2026-04-27T17:59:55.149530
evt_20231120_amazonal_225,2023-11-20,2026-04-27,Amazon,0,Amazon (Alexa) reduces workforce,Hundreds cut from Alexa division explicitly to shift resources to generative AI. Amazon stated it was 'maximizing efforts focused on generative AI.',Computerworld,https://www.computerworld.com/article/3711182/amazon-to-cut-jobs-at-alexa-unit.html,contributing,0.9,2026-04-27T17:59:55.149495
evt_20231201_broadcom_224,2023-12-01,2026-04-27,Broadcom/VMware,1267,"Broadcom/VMware cuts 1,267 jobs","Days after closing $69B VMware acquisition, Broadcom cut 1,267 VMware employees; further cuts signalled in filings.",Network World,https://www.networkworld.com/article/1250690/broadcom-to-lay-off-over-1200-vmware.html,inferred,0.5,2026-04-27T17:59:55.149459
evt_20231204_twilio_223,2023-12-04,2026-04-27,Twilio,0,Twilio reduces workforce,Third round of cuts in 2023; most affected were sales teams for contact center software as Twilio refocused on AI-driven analytics.,Computerworld,https://www.computerworld.com/article/3711421/twilio-sheds-jobs-in-third-round.html,contributing,0.65,2026-04-27T17:59:55.149423
evt_20240115_unity_221,2024-01-15,2026-04-27,Unity,1800,"Unity cuts 1,800 jobs",25% of workforce cut as Unity pivoted to AI-assisted developer tools; came amid broader revenue challenges and strategic reorganization.,Visual Capitalist,https://www.visualcapitalist.com/all-the-major-tech-layoffs-in-2024-so-far/,inferred,0.55,2026-04-27T17:59:55.149373
evt_20240130_paypal_220,2024-01-30,2026-04-27,PayPal,2500,"PayPal cuts 2,500 jobs","9% workforce reduction; CEO Alex Chriss cited need to deploy automation, consolidate tech, and reduce duplication to compete.",CNBC,https://www.cnbc.com/2024/01/30/paypal-will-cut-about-2500-jobs.html,inferred,0.6,2026-04-27T17:59:55.149334
evt_20240215_grammarl_219,2024-02-15,2026-04-27,Grammarly,230,Grammarly cuts 230 jobs,Restructured around AI-powered writing tools; CEO cited need to align teams and resources with AI strategic priorities.,Programs.com,https://programs.com/resources/ai-layoffs/,contributing,0.8,2026-04-27T17:59:55.149299
evt_20240215_cisco_218,2024-02-15,2026-04-27,Cisco,4200,"Cisco cuts 4,200 jobs","First 2024 round; 5% of 84,900 employees cut as Cisco refocuses on AI and security and away from legacy telecom equipment.",Computerworld,https://www.computerworld.com/article/3816662/tech-layoffs-in-2024-a-timeline.html,contributing,0.65,2026-04-27T17:59:55.149261
evt_20240215_sap_217,2024-02-15,2026-04-27,SAP,8000,"SAP cuts 8,000 jobs","$2.2B restructuring program targeting 8,000 roles to pivot to AI; most covered by voluntary leave and reskilling, headcount to stay flat.",CIO / TechTarget,https://www.cio.com/article/1297964/sap-announces-2-2b-restructuring-program.html,contributing,0.85,2026-04-27T17:59:55.149222
evt_20240401_dell_216,2024-04-01,2026-04-27,Dell,13000,"Dell cuts 13,000 jobs","Annual 10-K filing revealed 13,000 total cuts (~10% of workforce) during fiscal year; framed as cost-cutting and resource reallocation.",Computerworld,https://www.computerworld.com/article/3816662/tech-layoffs-in-2024-a-timeline.html,inferred,0.5,2026-04-27T17:59:55.149183
evt_20240415_amazonaw_215,2024-04-15,2026-04-27,Amazon,0,Amazon (AWS) reduces workforce,"Hundreds cut from AWS sales, marketing, and tech development for physical retail as Amazon scaled back Just Walk Out technology.",CIO,https://www.cio.com/article/2081437/amazon-downsizes-aws.html,inferred,0.55,2026-04-27T17:59:55.149147
evt_20240501_google_214,2024-05-01,2026-04-27,Google,200,Google cuts 200 jobs,"200+ Core team employees cut (engineering, IT, security, governance); some roles moved to India and Mexico to reduce costs.",CNBC,https://www.cnbc.com/2024/05/01/google-cuts-hundreds-of-core-workers.html,contributing,0.65,2026-04-27T17:59:55.149105
evt_20240615_microsof_213,2024-06-15,2026-04-27,Microsoft,1000,"Microsoft cuts 1,000 jobs",Cuts hit Azure for Operations and Mission Engineering teams as Microsoft redirects cloud budgets to AI infrastructure build-out.,Network World,https://www.networkworld.com/article/2138075/microsoft-lays-off-azure-division.html,inferred,0.6,2026-04-27T17:59:55.149069
evt_20240704_opentext_212,2024-07-04,2026-04-27,OpenText,1200,"OpenText cuts 1,200 jobs",1.7% of workforce cut to save ~$100M annually; plans to redeploy savings into AI-focused sales and engineering hiring.,Computerworld,https://www.computerworld.com/article/3816662/tech-layoffs-in-2024-a-timeline.html,inferred,0.45,2026-04-27T17:59:55.149029
evt_20240801_intel_211,2024-08-01,2026-04-27,Intel,15000,"Intel cuts 15,000 jobs",15% of global workforce cut after disastrous Q2. CEO cited failure to capitalize on AI trends; called 'most consequential changes in company history.',Computerworld,https://www.computerworld.com/article/3480715/intel-fires-15000-employees.html,contributing,0.65,2026-04-27T17:59:55.148991
evt_20240820_generalm_210,2024-08-20,2026-04-27,General,1000,"General Motors cuts 1,000 jobs","1,000+ software and services staff let go as GM flattens hierarchies and re-prioritizes highest-value digital work.",CIO,https://www.cio.com/article/3489323/gm-software-layoffs.html,inferred,0.5,2026-04-27T17:59:55.148954
evt_20240917_cisco_209,2024-09-17,2026-04-27,Cisco,6000,"Cisco cuts 6,000 jobs","Second Cisco round in 2024; 7% of workforce cut, including threat intelligence unit Talos, to fund AI and security pivot.",Network World,https://www.networkworld.com/article/3486901/cisco-to-cut-7-of-workforce.html,contributing,0.7,2026-04-27T17:59:55.148916
evt_20241107_freshwor_208,2024-11-07,2026-04-27,Freshworks,660,Freshworks cuts 660 jobs,13% of headcount cut despite strong earnings; described as a global workforce 'realignment' toward AI product strategy.,CIO,https://www.cio.com/article/3601088/freshworks-lays-off-660.html,inferred,0.55,2026-04-27T17:59:55.148877
evt_20241113_amd_207,2024-11-13,2026-04-27,AMD,1000,"AMD cuts 1,000 jobs",4% workforce reduction as AMD pivots toward AI chip development to compete with Nvidia; cut came despite strong quarterly earnings.,Network World,https://www.networkworld.com/article/3605016/amd-to-cut-4-of-workforce.html,contributing,0.75,2026-04-27T17:59:55.148836
evt_20241126_equinix_206,2024-11-26,2026-04-27,Equinix,400,Equinix cuts 400 jobs,3% of workforce reduced following CEO change; company pivoting resources toward AI infrastructure.,Network World,https://www.networkworld.com/article/3613399/equinix-to-cut-3-of-staff.html,inferred,0.45,2026-04-27T17:59:55.148795
evt_20241215_chegg_205,2024-12-15,2026-04-27,Chegg,248,Chegg cuts 248 jobs,~22% of staff cut; CEO cited students switching to free AI tools like ChatGPT instead of Chegg's paid platform.,TechCrunch,https://techcrunch.com/2024/12/10/chegg-layoffs-ai/,contributing,0.8,2026-04-27T17:59:55.148751
evt_20250113_microsof_204,2025-01-13,2026-04-27,Microsoft,200,Microsoft cuts 200 jobs,Small round of cuts across gaming & sales teams; part of ongoing AI-driven restructuring entering 2025.,CNBC,https://www.cnbc.com/2025/01/13/microsoft-layoffs-2025.html,contributing,0.7,2026-04-27T17:59:55.148695
evt_20230104_amazon_137,2023-01-04,2026-04-27,Amazon,18000,"Amazon cuts 18,000 jobs amid AI transition","Amazon cut 18,000 employees (6% of corporate workforce) — largest layoff in company history at the time. CEO Andy Jassy memo cited 'macroeconomic uncertainty' and prior rapid hiring. Cuts concentrated in retail, devices (Alexa), and recruiting teams. Alexa team cuts foreshadow eventual AI assistant competition that would reduce its strategic priority.",TrueUp,https://news.crunchbase.com/startups/tech-layoffs/,direct,0.7,2026-04-27T17:59:55.142134
evt_20230118_microsof_136,2023-01-18,2026-04-27,Microsoft,10000,"Microsoft cuts 10,000 jobs amid AI transition","Microsoft cut 10,000 employees (5% of workforce) weeks before announcing a $10B additional investment in OpenAI. CEO Satya Nadella explicitly tied the cuts to the need to focus resources on 'the AI layer.' Restructuring of Azure, hardware (Surface), and consulting divisions. Sets the template for the AI-era layoff announcement.",TrueUp,https://news.crunchbase.com/startups/tech-layoffs/,direct,0.7,2026-04-27T17:59:55.142101
evt_20230120_googleal_135,2023-01-20,2026-04-27,Google,12000,"Google / Alphabet cuts 12,000 jobs amid AI transition","Google cut 12,000 employees (6% of workforce) — largest in company history at that point. CEO Sundar Pichai: 'I take full responsibility.' Hiring surge during COVID years reversed. Sets stage for Google's AI-first reorganization: subsequent years see continued smaller rolling cuts as Gemini development reprioritizes teams.",TrueUp,https://news.crunchbase.com/startups/tech-layoffs/,direct,0.7,2026-04-27T17:59:55.142069
evt_20230515_grammarl_134,2023-05-15,2026-04-27,Grammarly,230,Grammarly cuts 230 jobs amid AI transition,Grammarly cut ~230 employees in February 2024 (announced May 2023) as it restructured around AI-powered writing and productivity tools. The company's own core product — AI writing assistance — was simultaneously reducing demand for human content and editing roles company-wide.,TrueUp,https://techcrunch.com/2024/02/09/grammarly-lays-off-230-employees-as-part-of-a-business-restructuring,direct,0.7,2026-04-27T17:59:55.142036
evt_20231115_googleal_133,2023-11-15,2026-04-27,Google,-1001,Google / Alphabet reduces workforce citing AI efficiency,"Google began rolling small cuts throughout late 2023 as it reorganized around AI products (Bard/Gemini). Hundreds of roles in recruiting, real estate, and some product teams. Google's pattern: no single large cut but continuous small reductions totaling 1,000+ through year-end 2023.",TrueUp,https://news.crunchbase.com/startups/tech-layoffs/,direct,0.7,2026-04-27T17:59:55.141999
evt_20231215_meta_132,2023-12-15,2026-04-27,Meta,0,Meta reduces workforce citing AI efficiency,Meta reduced headcount 5% through attrition (natural exits not replaced) as Zuckerberg shifted hiring toward AI roles. Also closed US fact-checking program replacing human reviewers with AI-moderated Community Notes system. Setting the stage for 2025 announced cuts.,TrueUp,https://www.computerworld.com/article/3816579/tech-layoffs-this-year-a-timeline.html,direct,0.7,2026-04-27T17:59:55.141963
evt_20240115_paypal_131,2024-01-15,2026-04-27,PayPal,2500,"PayPal cuts 2,500 jobs amid AI transition","PayPal cut ~2,500 jobs (9% of workforce) as CEO Alex Chriss cited need to 'drive more focus and efficiency, deploy automation, and consolidate our technology.' AI systems increasingly handle fraud detection, risk management, and customer support — core PayPal functions.",TrueUp,https://programs.com/resources/ai-layoffs/,direct,0.7,2026-04-27T17:59:55.141927
evt_20240115_unitytec_130,2024-01-15,2026-04-27,Unity,1800,"Unity Technologies cuts 1,800 jobs amid AI transition","Unity cut ~1,800 employees (25% of workforce) as it refocused on AI-assisted game development tools. Comes after CEO John Riccitiello resigned over controversial runtime fee policy that alienated developers. Unity is betting on AI to help small studios compete with large ones.",TrueUp,https://programs.com/resources/ai-layoffs/,direct,0.7,2026-04-27T17:59:55.141890
evt_20240208_cisco_129,2024-02-08,2026-04-27,Cisco,4200,"Cisco cuts 4,200 jobs amid AI transition","Cisco's first major 2024 cut: 4,200 employees (5% of workforce). Part of CEO Chuck Robbins' strategy to invest in AI-era networking — shifting from hardware-centric to AI-driven software platforms. Followed by another 6,000 in September 2024.",TrueUp,https://www.computerworld.com/article/3816662/tech-layoffs-in-2024-a-timeline.html,direct,0.7,2026-04-27T17:59:55.141853
evt_20240210_ups_128,2024-02-10,2026-04-27,UPS,12000,"UPS cuts 12,000 jobs amid AI transition","UPS cut 12,000 of its 85,000 management jobs explicitly because AI tools are replacing coordination and scheduling functions. CEO Carol Tomé also imposed 5-day office return. Target: $1B in savings. AI route optimization and automated sortation systems replace what entire management layers previously did.",TrueUp,https://www.notebookcheck.net/UPS-lays-off-12-000-managers-as-AI-replaces-jobs.802229.0.html,direct,0.7,2026-04-27T17:59:55.141820
evt_20240401_delltech_127,2024-04-01,2026-04-27,Dell,13000,"Dell Technologies cuts 13,000 jobs amid AI transition","Dell's FY2024 10-K disclosed 13,000 layoffs over fiscal year (133k→120k employees). Dell had announced 6,650 cuts in Feb 2024. Moving aggressively into AI server infrastructure (PowerEdge AI servers) while cutting legacy PC and enterprise sales roles.",TrueUp,https://investors.delltechnologies.com/static-files/d6e82f58-d417-422f-b2f3-4d08d498abd4,direct,0.7,2026-04-27T17:59:55.141787
evt_20240404_amazon_126,2024-04-04,2026-04-27,Amazon,0,Amazon reduces workforce citing AI efficiency,Amazon cut hundreds of AWS sales/marketing roles and axed the 'Just Walk Out' automated checkout technology for US Amazon Fresh stores — ironically laying off the AI product itself as it failed to scale economically. AWS cuts concentrated in operations and mission engineering teams.,TrueUp,https://www.cio.com/article/2081437/amazon-downsizes-aws-in-a-fresh-cost-cutting-round.html,direct,0.7,2026-04-27T17:59:55.141753
evt_20240415_tesla_125,2024-04-15,2026-04-27,Tesla,14000,"Tesla cuts 14,000 jobs amid AI transition","Elon Musk cut 14,000+ employees (10%+ of global workforce), pivoting from EV cost battles toward autonomous vehicles and AI robotaxi. 'It is extremely important to look at every aspect of the company for cost reductions and increasing productivity... we are developing some of the most revolutionary technologies in AI.' Two senior execs (SVP Drew Baglino, VP Rohan Patel) also departed.",TrueUp,https://techcrunch.com/2024/04/16/tesla-layoffs-hit-high-performers-slashes-some-departments-sources-say/,direct,0.7,2026-04-27T17:59:55.141718
evt_20240604_microsof_124,2024-06-04,2026-04-27,Microsoft,0,Microsoft reduces workforce citing AI efficiency,"Microsoft made undisclosed cuts to Azure division staff, including Azure for Operations and Mission Engineering teams. Part of a pattern of small, rolling Azure restructuring cuts throughout 2024 as the company pivots AI resources to Copilot and Azure OpenAI service builds.",TrueUp,https://www.networkworld.com/article/2138075/microsoft-lays-off-staffers-from-its-azure-division.html,direct,0.7,2026-04-27T17:59:55.141683
evt_20240704_opentext_123,2024-07-04,2026-04-27,OpenText,1200,"OpenText cuts 1,200 jobs amid AI transition","Enterprise software company OpenText cut 1,200 jobs (1.7% of workforce) to save ~$100M annually. Plans to hire new sales and engineering staff in AI product areas in 2025. Classic restructuring: cut legacy support/sales, invest in AI product lines.",TrueUp,https://www.computerworld.com/article/3816662/tech-layoffs-in-2024-a-timeline.html,direct,0.7,2026-04-27T17:59:55.141637
evt_20240801_intel_122,2024-08-01,2026-04-27,Intel,15000,"Intel cuts 15,000 jobs amid AI transition","Intel CEO Pat Gelsinger announced 15,000 layoffs (15% of workforce) after Q2 revenue stagnated and net income fell 85%. 'Our revenues have not grown as expected — and we've yet to fully benefit from powerful trends, like AI.' Intel is losing the AI chip race to Nvidia and struggling to execute its foundry strategy.",TrueUp,https://www.computerworld.com/article/3480715/intel-fires-15000-employees-as-it-intensifies-focus-on-ai.html,direct,0.7,2026-04-27T17:59:55.141601
evt_20240820_generalm_121,2024-08-20,2026-04-27,General,1000,"General Motors cuts 1,000 jobs amid AI transition","GM cut 1,000+ software and services staff as it reassessed its digital transformation strategy. Internal memo: moving resources to 'highest-priority work and flattening hierarchies.' GM had over-hired for its Cruise autonomous vehicle unit (before Cruise's collapse) and software-defined vehicle initiatives.",TrueUp,https://www.cio.com/article/3489323/gm-software-layoffs-could-signal-a-shift-in-digital-transformation-strategy.html,direct,0.7,2026-04-27T17:59:55.141562
evt_20240917_cisco_120,2024-09-17,2026-04-27,Cisco,6000,"Cisco cuts 6,000 jobs amid AI transition","Cisco's second major 2024 round — 6,000 layoffs (7% of workforce) following 4,200 in February. Divisions cut include threat intel unit Talos Security. CEO Chuck Robbins explicitly cited need to 'restructure product groups' around AI-era networking. Total 2024 Cisco cuts: 10,200+.",TrueUp,https://www.networkworld.com/article/3486901/cisco-to-cut-7-of-workforce-restructure-product-groups.html,direct,0.7,2026-04-27T17:59:55.141511
evt_20241015_kaseya_119,2024-10-15,2026-04-27,Kaseya,200,Kaseya cuts 200 jobs amid AI transition,"Kaseya's 3rd round of cuts in 2024, eliminating ~200 roles in sales and back-office as it integrates the Datto acquisition and rolls out AI-automated MSP tools. Also laid off in September 2024.",TrueUp,https://medhacloud.com/blog/kaseya-layoffs-2026-msp-industry,direct,0.7,2026-04-27T17:59:55.141470
evt_20241107_freshwor_118,2024-11-07,2026-04-27,Freshworks,660,Freshworks cuts 660 jobs amid AI transition,"Freshworks cut 660 employees (13% of workforce) despite reporting strong earnings. CFO cited need to 'add more focus on EX, AI, and CX priorities.' ~500 of cuts were in India (~76% of total), suggesting cost arbitrage alongside AI restructuring. Analyst: 'AI quite likely played a key role.'",TrueUp,https://www.cio.com/article/3601088/freshworks-lays-off-660-about-13-percent-of-its-global-workforce-despite-strong-earnings-profits.html,direct,0.7,2026-04-27T17:59:55.141187
evt_20241113_amd_117,2024-11-13,2026-04-27,AMD,1000,"AMD cuts 1,000 jobs amid AI transition","AMD cut ~1,000 employees (4% of workforce) to reallocate resources toward AI chip development. Gaming segment expected to fall 59% in 2024 while AI chip sales target $5B. AMD's MI300X AI accelerator competes with Nvidia's H100/H200 but Nvidia holds 80%+ market share. Stock down 5% vs Nvidia's +200% in 2024.",TrueUp,https://www.cnbc.com/2024/11/13/amd-layoffs-company-to-4percent-of-workforce-or-about-1000-employees-.html,direct,0.7,2026-04-27T17:59:55.141154
evt_20241126_equinix_116,2024-11-26,2026-04-27,Equinix,400,Equinix cuts 400 jobs amid AI transition,"Equinix cut ~400 of its 13,000 employees despite record demand for its data center capacity. New CEO Adaire Fox-Martin restructuring post-leadership shakeup (CIO and CISO both departed). Paradox: AI is driving record demand for Equinix facilities while AI tools reduce its internal headcount needs.",TrueUp,https://www.networkworld.com/article/3613399/equinix-to-cut-3-of-staff-amidst-the-greatest-demand-for-data-center-infrastructure-ever.html,direct,0.7,2026-04-27T17:59:55.141121
evt_20250114_meta_115,2025-01-14,2026-04-27,Meta,3600,"Meta cuts 3,600 jobs amid AI transition","CEO Zuckerberg told staff he would 'move out low performers faster' — cutting 5% (~3,600 employees) beginning Feb 10. Company had already reduced headcount 5% via attrition in 2024. US fact-checkers replaced by AI-assisted community notes system. Zuckerberg framed it as building a 'more meritocratic' organization.",TrueUp,https://www.computerworld.com/article/3816579/tech-layoffs-this-year-a-timeline.html,direct,0.7,2026-04-27T17:59:55.141088
evt_20250306_hpehewle_114,2025-03-06,2026-04-27,HPE,2500,"HPE (Hewlett Packard Enterprise) cuts 2,500 jobs amid AI transition","HPE CEO Antonio Neri announced 2,500 layoffs over 18 months, part of broader cost-cutting while completing the Juniper Networks acquisition. HPE is restructuring around AI-era infrastructure (networking, cloud) and cutting traditional IT support and sales roles.",TrueUp,https://www.networkworld.com/article/3840596/hpe-cuts-2500-workers-expects-juniper-buy-to-close-end-of-25-faces-tariff-issues.html,direct,0.7,2026-04-27T17:59:55.141054
evt_20250204_salesfor_113,2025-02-04,2026-04-27,Salesforce,1000,"Salesforce cuts 1,000 jobs amid AI transition","Salesforce cut 1,000+ workers across the company (per Bloomberg) while simultaneously hiring sales staff for new Agentforce AI products. CEO Benioff: the company hired 'zero new engineers in FY26' because AI coding agents handle capacity. Classic dual motion: cut human roles, sell AI to others.",TrueUp,https://www.computerworld.com/article/3816579/tech-layoffs-this-year-a-timeline.html,direct,0.7,2026-04-27T17:59:55.141004
evt_20250205_workday_112,2025-02-05,2026-04-27,Workday,1750,"Workday cuts 1,750 jobs amid AI transition","Workday CEO Carl Eschenbach cut 1,750 employees (8.5% of workforce) to fund AI investment and global expansion, disposing of unused office space. Analysts flagged that AI — in the form of Workday's own HRIS automation — was reducing staffing needs in HR-adjacent roles internally.",TrueUp,https://www.computerworld.com/article/3817887/workday-to-cut-1750-jobs-shift-focus-to-ai-and-global-expansion.html,direct,0.7,2026-04-27T17:59:55.140968
evt_20250221_cisa_111,2025-02-21,2026-04-27,CISA,130,CISA cuts 130 jobs amid AI transition,US Cybersecurity and Infrastructure Security Agency lost 130 staff via DOGE-driven cuts. Cybersecurity experts warned the losses would harm international threat-intelligence collaborations. One of the few government AI-efficiency-adjacent layoffs with documented national security concerns.,TrueUp,https://www.csoonline.com/article/3829710/firing-of-130-cisa-staff-worries-cybersecurity-industry.html,direct,0.7,2026-04-27T17:59:55.140933
evt_20250227_hpinc_110,2025-02-27,2026-04-27,HP,2000,"HP Inc. cuts 2,000 jobs amid AI transition","HP cut up to 2,000 more workers as part of ongoing multi-year restructuring. Earlier HP had controversially tried to eliminate phone support by forcing 15-minute waits — a failed attempt to use friction to push users to AI self-service. Cuts continue as printing division shrinks.",TrueUp,https://www.computerworld.com/article/3816579/tech-layoffs-this-year-a-timeline.html,direct,0.7,2026-04-27T17:59:55.140897
evt_20250227_autodesk_109,2025-02-27,2026-04-27,Autodesk,1350,"Autodesk cuts 1,350 jobs amid AI transition","Autodesk cut ~1,350 employees (9% of workforce), citing AI-driven cloud and platform products as most profitable. CEO Andrew Anagnost noted fewer sales staff needed as subscription models and AI self-service tools grow. Company shifting investment toward AI-augmented design tools.",TrueUp,https://adsknews.autodesk.com/en/news/022725-employee-message/,direct,0.7,2026-04-27T17:59:55.140861
evt_20260105_multiver_108,2026-01-05,2026-04-27,Multiverse,50,Multiverse cuts 50 jobs amid AI transition,London-based edtech Multiverse (corporate apprenticeship platform backed by Euan Blair) cut dozens of jobs amid widening losses. The apprenticeship market is being disrupted by AI upskilling tools that reduce need for structured human-led programs.,TrueUp,https://sifted.eu/articles/multiverse-job-cuts-euan-blair,direct,0.7,2026-04-27T17:59:55.140823
evt_20260108_kaseya_107,2026-01-08,2026-04-27,Kaseya,250,Kaseya cuts 250 jobs amid AI transition,"IT management vendor Kaseya (owner of Datto, ConnectWise rival) cut 250 employees in its 4th round since April 2024, primarily in sales, marketing, and admin. Cuts reflect Datto acquisition integration and shift to AI-automated MSP tooling.",TrueUp,https://medhacloud.com/blog/kaseya-layoffs-2026-msp-industry,direct,0.7,2026-04-27T17:59:55.140787
evt_20260115_ericsson_106,2026-01-15,2026-04-27,Ericsson,1600,"Ericsson cuts 1,600 jobs amid AI transition","Ericsson announced 1,600 job cuts in Sweden, doubling down on cost-saving measures after years of 5G spending slowdown and US tariff headwinds. AI-driven network tools are reducing the need for traditional RF engineering and support roles.",TrueUp,https://www.reuters.com/business/world-at-work/ericsson-shed-1600-jobs-sweden-2026-01-15/,direct,0.7,2026-04-27T17:59:55.140750
evt_20260331_monzo_105,2026-03-31,2026-04-27,Monzo,50,Monzo cuts 50 jobs amid AI transition,"UK digital bank Monzo shut down its US operations entirely, laying off ~50 employees. The company is refocusing on the UK and European markets where its AI-driven banking features have stronger traction.",TrueUp,https://www.trueup.io/layoffs,direct,0.7,2026-04-27T17:59:55.140712
evt_20260401_sonos_104,2026-04-01,2026-04-27,Sonos,0,Sonos reduces workforce citing AI efficiency,"Sonos made cuts in its marketing division as new CMO reshaped the department, partly citing AI tools enabling smaller marketing teams to do more. Company still recovering from its disastrous 2024 app redesign.",TrueUp,https://www.trueup.io/layoffs,direct,0.7,2026-04-27T17:59:55.140673
evt_20260402_kintsugi_103,2026-04-02,2026-04-27,Kintsugi,0,Kintsugi reduces workforce citing AI efficiency,"Mental health voice-biomarker startup Kintsugi shut down entirely, laying off all staff. Company had raised significant VC funding to use AI to detect depression and anxiety via voice analysis, but could not achieve product-market fit.",TrueUp,https://www.trueup.io/layoffs,direct,0.7,2026-04-27T17:59:55.140622
evt_20260402_vimeo_102,2026-04-02,2026-04-27,Vimeo,123,Vimeo cuts 123 jobs amid AI transition,Video platform Vimeo cut ~25% of its New York staff after being acquired by Italian firm Mediaforeurope. Cuts reflect platform consolidation as AI video tools reduce need for human-led production services.,TrueUp,https://www.trueup.io/layoffs,direct,0.7,2026-04-27T17:59:55.140577
evt_20260409_carscom_101,2026-04-09,2026-04-27,Cars.com,187,Cars.com cuts 187 jobs amid AI transition,Cars.com cut 187 employees (~11% of workforce) as its AI-powered advertising and marketplace platform reduced headcount needs in sales and operations.,TrueUp,https://www.trueup.io/layoffs,direct,0.7,2026-04-27T17:59:55.140526
evt_20260415_vianaisy_100,2026-04-15,2026-04-27,Vianai,0,Vianai Systems reduces workforce citing AI efficiency,"Vianai Systems, an enterprise AI company, cut ~90% of its engineering team amid mounting uncertainty over funding and product direction. Irony: the company's core product was an AI productivity platform for enterprises.",TrueUp,https://www.trueup.io/layoffs,direct,0.7,2026-04-27T17:59:55.140440
evt_20260425_001,2026-04-25,2026-04-27,Nike,1400,"Nike announces 1,400 job cuts concentrated in technology department","Nike announced a new round of layoffs Thursday affecting approximately 1,400 employees across the company, mostly concentrated in its technology department.",CNBC,https://www.cnbc.com/2026/04/24/20k-job-cuts-at-meta-microsoft-raise-concern-of-ai-labor-crisis-.html,inferred,0.55,2026-04-27T00:55:11.795365+00:00
evt_20260424_001,2026-04-24,2026-04-27,Microsoft,15000,Microsoft offers voluntary buyouts to 7% of staff amid AI restructuring,Microsoft said Thursday it would offer buyouts to 7% of staff.,Axios,https://www.axios.com/2026/04/23/meta-layoffs-ai-efficiency-push,inferred,0.65,2026-04-27T00:55:11.795351+00:00
evt_20260426_001,2026-04-26,2026-04-27,Meta,8000,"Meta announces 8,000 job cuts effective May 20 as part of AI efficiency push","Meta announced on April 26 that it will cut approximately 8,000 jobs—roughly 10% of its workforce—starting May 20, 2026.",Meyka,https://meyka.com/blog/meta-stock-april-26-8000-job-cuts-amid-ai-spending-surge-2604/,contributing,0.75,2026-04-27T00:55:11.795318+00:00
